timestamp_utc,creative_id,credits
2026-10-03T22:30:55.686017+00:00,HH-D01-EVE,250
2026-10-04T00:20:47.883224+00:00,HH-D02-MOR,250
2026-10-04T18:02:58.538904+00:00,HH-D02-EVE,250
2026-10-05T00:25:29.823908+00:00,HH-D03-MOR,250
2026-10-05T21:25:33.500389+00:00,HH-D03-EVE,250
2026-10-06T02:05:21.139943+00:00,HH-D04-MOR,250
2026-10-06T19:22:05.030582+00:00,HH-D04-EVE,250
2026-10-07T01:15:27.507006+00:00,HH-D05-MOR,250
2026-10-08T01:41:05.826457+00:00,HH-D05-EVE,250
2026-10-08T19:51:30.820250+00:00,HH-D06-MOR,250
2026-10-09T01:41:06.930426+00:00,HH-D06-EVE,250
