timestamp_utc,creative_id,beat,model,seconds,estimated_cost_usd
2026-09-20T17:48:03.418654+00:00,MILO-D01-MOR,1,wan-video/wan-2.2-i2v-480p-fast,5,0.0500
2026-09-20T17:48:28.157915+00:00,MILO-D01-MOR,2,wan-video/wan-2.2-i2v-480p-fast,5,0.0500
2026-09-20T17:48:54.307221+00:00,MILO-D01-MOR,3,wan-video/wan-2.2-i2v-480p-fast,5,0.0500
2026-09-21T19:13:52.599003+00:00,MILO-D01-EVE,1,wan-video/wan-2.2-i2v-480p-fast,5,0.0500
2026-09-21T19:14:21.352324+00:00,MILO-D01-EVE,2,wan-video/wan-2.2-i2v-480p-fast,5,0.0500
2026-09-21T19:14:48.326289+00:00,MILO-D01-EVE,3,wan-video/wan-2.2-i2v-480p-fast,5,0.0500
2026-09-22T00:28:19.070708+00:00,RITA-D02-MOR,1,wan-video/wan-2.2-i2v-480p-fast,5,0.0500
2026-09-22T00:29:17.453028+00:00,RITA-D02-MOR,2,wan-video/wan-2.2-i2v-480p-fast,5,0.0500
2026-09-22T00:30:27.212681+00:00,RITA-D02-MOR,3,wan-video/wan-2.2-i2v-480p-fast,5,0.0500
2026-09-22T18:03:05.015522+00:00,RITA-D02-EVE,1,wan-video/wan-2.2-i2v-480p-fast,5,0.0500
2026-09-22T18:03:35.135974+00:00,RITA-D02-EVE,2,wan-video/wan-2.2-i2v-480p-fast,5,0.0500
2026-09-22T18:04:36.200333+00:00,RITA-D02-EVE,3,wan-video/wan-2.2-i2v-480p-fast,5,0.0500
2026-09-23T18:22:00.554586+00:00,BARKLEY-D03-MOR,1,wan-video/wan-2.2-i2v-480p-fast,5,0.0500
2026-09-23T18:25:26.557947+00:00,BARKLEY-D03-MOR,2,wan-video/wan-2.2-i2v-480p-fast,5,0.0500
2026-09-23T18:28:52.835346+00:00,BARKLEY-D03-MOR,3,wan-video/wan-2.2-i2v-480p-fast,5,0.0500
2026-09-24T00:09:45.665074+00:00,BARKLEY-D03-EVE,1,wan-video/wan-2.2-i2v-480p-fast,5,0.0500
2026-09-24T00:10:10.409478+00:00,BARKLEY-D03-EVE,2,wan-video/wan-2.2-i2v-480p-fast,5,0.0500
2026-09-24T00:10:34.654664+00:00,BARKLEY-D03-EVE,3,wan-video/wan-2.2-i2v-480p-fast,5,0.0500
2026-09-24T18:22:56.169917+00:00,MILO2-D04-MOR,1,wan-video/wan-2.2-i2v-480p-fast,5,0.0500
2026-09-24T18:23:20.448184+00:00,MILO2-D04-MOR,2,wan-video/wan-2.2-i2v-480p-fast,5,0.0500
2026-09-24T18:23:47.193120+00:00,MILO2-D04-MOR,3,wan-video/wan-2.2-i2v-480p-fast,5,0.0500
2026-09-25T00:14:10.748275+00:00,MILO2-D04-EVE,1,wan-video/wan-2.2-i2v-480p-fast,5,0.0500
2026-09-25T00:14:34.582126+00:00,MILO2-D04-EVE,2,wan-video/wan-2.2-i2v-480p-fast,5,0.0500
2026-09-25T00:14:57.893257+00:00,MILO2-D04-EVE,3,wan-video/wan-2.2-i2v-480p-fast,5,0.0500
2026-09-25T18:25:47.203338+00:00,MILO-D05-MOR,1,wan-video/wan-2.2-i2v-480p-fast,5,0.0500
2026-09-25T18:26:13.112725+00:00,MILO-D05-MOR,2,wan-video/wan-2.2-i2v-480p-fast,5,0.0500
2026-09-25T18:26:36.583861+00:00,MILO-D05-MOR,3,wan-video/wan-2.2-i2v-480p-fast,5,0.0500
2026-09-26T00:18:09.213244+00:00,MILO-D05-EVE,1,wan-video/wan-2.2-i2v-480p-fast,5,0.0500
2026-09-26T00:18:32.998067+00:00,MILO-D05-EVE,2,wan-video/wan-2.2-i2v-480p-fast,5,0.0500
2026-09-26T00:18:56.988256+00:00,MILO-D05-EVE,3,wan-video/wan-2.2-i2v-480p-fast,5,0.0500
2026-09-26T17:42:54.107059+00:00,RITA-D06-MOR,1,wan-video/wan-2.2-i2v-480p-fast,5,0.0500
2026-09-26T17:43:17.941577+00:00,RITA-D06-MOR,2,wan-video/wan-2.2-i2v-480p-fast,5,0.0500
2026-09-26T17:43:41.971204+00:00,RITA-D06-MOR,3,wan-video/wan-2.2-i2v-480p-fast,5,0.0500
2026-09-27T00:08:00.282881+00:00,RITA-D06-EVE,1,wan-video/wan-2.2-i2v-480p-fast,5,0.0500
2026-09-27T00:09:06.611067+00:00,RITA-D06-EVE,2,wan-video/wan-2.2-i2v-480p-fast,5,0.0500
2026-09-27T00:09:34.387224+00:00,RITA-D06-EVE,3,wan-video/wan-2.2-i2v-480p-fast,5,0.0500
2026-09-27T18:14:15.198317+00:00,BARKLEY-D07-MOR,1,wan-video/wan-2.2-i2v-480p-fast,5,0.0500
2026-09-27T18:14:42.769588+00:00,BARKLEY-D07-MOR,2,wan-video/wan-2.2-i2v-480p-fast,5,0.0500
2026-09-27T18:15:09.567000+00:00,BARKLEY-D07-MOR,3,wan-video/wan-2.2-i2v-480p-fast,5,0.0500
2026-09-28T00:12:05.551238+00:00,BARKLEY-D07-EVE,1,wan-video/wan-2.2-i2v-480p-fast,5,0.0500
2026-09-28T00:13:38.045258+00:00,BARKLEY-D07-EVE,2,wan-video/wan-2.2-i2v-480p-fast,5,0.0500
2026-09-28T00:15:39.309155+00:00,BARKLEY-D07-EVE,3,wan-video/wan-2.2-i2v-480p-fast,5,0.0500
2026-09-28T20:28:49.589908+00:00,MILO2-D08-MOR,1,wan-video/wan-2.2-i2v-480p-fast,5,0.0500
2026-09-28T20:29:14.500097+00:00,MILO2-D08-MOR,2,wan-video/wan-2.2-i2v-480p-fast,5,0.0500
2026-09-28T20:29:38.240260+00:00,MILO2-D08-MOR,3,wan-video/wan-2.2-i2v-480p-fast,5,0.0500
2026-09-29T01:23:11.926450+00:00,MILO2-D08-EVE,1,wan-video/wan-2.2-i2v-480p-fast,5,0.0500
2026-09-29T01:23:37.316131+00:00,MILO2-D08-EVE,2,wan-video/wan-2.2-i2v-480p-fast,5,0.0500
2026-09-29T01:24:01.223330+00:00,MILO2-D08-EVE,3,wan-video/wan-2.2-i2v-480p-fast,5,0.0500
2026-09-29T19:15:29.015963+00:00,MILO-D09-MOR,1,wan-video/wan-2.2-i2v-480p-fast,5,0.0500
2026-09-29T19:15:56.921159+00:00,MILO-D09-MOR,2,wan-video/wan-2.2-i2v-480p-fast,5,0.0500
2026-09-29T19:16:20.732713+00:00,MILO-D09-MOR,3,wan-video/wan-2.2-i2v-480p-fast,5,0.0500
2026-09-30T00:57:57.735856+00:00,MILO-D09-EVE,1,wan-video/wan-2.2-i2v-480p-fast,5,0.0500
2026-09-30T00:58:42.056349+00:00,MILO-D09-EVE,2,wan-video/wan-2.2-i2v-480p-fast,5,0.0500
2026-09-30T00:59:14.659327+00:00,MILO-D09-EVE,3,wan-video/wan-2.2-i2v-480p-fast,5,0.0500
2026-09-30T19:02:59.836076+00:00,RITA-D10-MOR,1,wan-video/wan-2.2-i2v-480p-fast,5,0.0500
2026-09-30T19:03:27.852562+00:00,RITA-D10-MOR,2,wan-video/wan-2.2-i2v-480p-fast,5,0.0500
2026-09-30T19:03:56.284381+00:00,RITA-D10-MOR,3,wan-video/wan-2.2-i2v-480p-fast,5,0.0500
2026-10-01T00:58:12.879010+00:00,RITA-D10-EVE,1,wan-video/wan-2.2-i2v-480p-fast,5,0.0500
2026-10-01T00:58:42.021138+00:00,RITA-D10-EVE,2,wan-video/wan-2.2-i2v-480p-fast,5,0.0500
2026-10-01T00:59:22.431749+00:00,RITA-D10-EVE,3,wan-video/wan-2.2-i2v-480p-fast,5,0.0500
2026-10-01T19:24:11.917734+00:00,BARKLEY-D11-MOR,1,wan-video/wan-2.2-i2v-480p-fast,5,0.0500
2026-10-01T19:25:22.150433+00:00,BARKLEY-D11-MOR,2,wan-video/wan-2.2-i2v-480p-fast,5,0.0500
2026-10-01T19:26:02.604374+00:00,BARKLEY-D11-MOR,3,wan-video/wan-2.2-i2v-480p-fast,5,0.0500
2026-10-02T01:14:18.334983+00:00,BARKLEY-D11-EVE,1,wan-video/wan-2.2-i2v-480p-fast,5,0.0500
2026-10-02T01:15:05.532422+00:00,BARKLEY-D11-EVE,2,wan-video/wan-2.2-i2v-480p-fast,5,0.0500
2026-10-02T01:16:03.254335+00:00,BARKLEY-D11-EVE,3,wan-video/wan-2.2-i2v-480p-fast,5,0.0500
2026-10-02T19:07:07.513844+00:00,MILO2-D12-MOR,1,wan-video/wan-2.2-i2v-480p-fast,5,0.0500
2026-10-02T19:07:37.710657+00:00,MILO2-D12-MOR,2,wan-video/wan-2.2-i2v-480p-fast,5,0.0500
2026-10-02T19:08:29.079641+00:00,MILO2-D12-MOR,3,wan-video/wan-2.2-i2v-480p-fast,5,0.0500
2026-10-03T00:52:01.067871+00:00,MILO2-D12-EVE,1,wan-video/wan-2.2-i2v-480p-fast,5,0.0500
2026-10-03T00:52:33.460728+00:00,MILO2-D12-EVE,2,wan-video/wan-2.2-i2v-480p-fast,5,0.0500
2026-10-03T00:52:57.151530+00:00,MILO2-D12-EVE,3,wan-video/wan-2.2-i2v-480p-fast,5,0.0500
2026-10-03T17:53:12.264423+00:00,MILO-D13-MOR,1,wan-video/wan-2.2-i2v-480p-fast,5,0.0500
2026-10-03T17:53:46.760000+00:00,MILO-D13-MOR,2,wan-video/wan-2.2-i2v-480p-fast,5,0.0500
2026-10-03T17:54:11.133336+00:00,MILO-D13-MOR,3,wan-video/wan-2.2-i2v-480p-fast,5,0.0500
2026-10-04T00:29:37.395117+00:00,MILO-D13-EVE,1,wan-video/wan-2.2-i2v-480p-fast,5,0.0500
2026-10-04T00:30:00.837025+00:00,MILO-D13-EVE,2,wan-video/wan-2.2-i2v-480p-fast,5,0.0500
2026-10-04T00:30:24.259745+00:00,MILO-D13-EVE,3,wan-video/wan-2.2-i2v-480p-fast,5,0.0500
2026-10-04T18:05:13.494549+00:00,RITA-D14-MOR,1,wan-video/wan-2.2-i2v-480p-fast,5,0.0500
2026-10-04T18:05:50.590632+00:00,RITA-D14-MOR,2,wan-video/wan-2.2-i2v-480p-fast,5,0.0500
2026-10-04T18:06:14.337264+00:00,RITA-D14-MOR,3,wan-video/wan-2.2-i2v-480p-fast,5,0.0500
2026-10-05T00:21:48.281053+00:00,RITA-D14-EVE,1,wan-video/wan-2.2-i2v-480p-fast,5,0.0500
2026-10-05T00:22:29.986103+00:00,RITA-D14-EVE,2,wan-video/wan-2.2-i2v-480p-fast,5,0.0500
2026-10-05T00:22:58.331564+00:00,RITA-D14-EVE,3,wan-video/wan-2.2-i2v-480p-fast,5,0.0500
2026-10-05T21:26:51.671658+00:00,BARKLEY-D15-MOR,1,wan-video/wan-2.2-i2v-480p-fast,5,0.0500
2026-10-05T21:27:39.057995+00:00,BARKLEY-D15-MOR,2,wan-video/wan-2.2-i2v-480p-fast,5,0.0500
2026-10-05T21:28:17.677463+00:00,BARKLEY-D15-MOR,3,wan-video/wan-2.2-i2v-480p-fast,5,0.0500
2026-10-06T19:24:41.668611+00:00,BARKLEY-D15-EVE,1,wan-video/wan-2.2-i2v-480p-fast,5,0.0500
2026-10-06T19:25:11.445492+00:00,BARKLEY-D15-EVE,2,wan-video/wan-2.2-i2v-480p-fast,5,0.0500
2026-10-06T19:25:39.226622+00:00,BARKLEY-D15-EVE,3,wan-video/wan-2.2-i2v-480p-fast,5,0.0500
