creative_id,scheduled_date,time_slot,hook_type,hook,caption,tags,pinterest_title,script,scene1_start,scene1_end,scene1_prompt,scene2_start,scene2_end,scene2_prompt,scene3_start,scene3_end,scene3_prompt,scene4_start,scene4_end,scene4_prompt,status,rendered_at
HH-D01-MOR,2026-09-23,morning,vibe,Some hearts are built to be fixed.,Some hearts are built to be fixed.,#BookTok #SmallTownRomance #CedarHollow #HandyHearts #DKGrissom,Handy Hearts: Some hearts are built to be fixed,"In Cedar Hollow, small hands can heal a whole town. Handy Hearts is the first book in a heartfelt new romance series about a widowed carpenter, a broken porch, and the librarian who noticed. Coming soon from D.K. Grissom.",0.0,4.0,"Vertical shot: Cedar Hollow small Southern town at golden hour, wildflowers by a country road, wooden storefronts and covered porches, warm painterly light. No text, no books, no author names.",4.0,8.0,"Vertical wide shot of an old wooden Southern porch in disrepair, weathered peeling paint, a broken step board and sagging railing, wildflowers growing around the base, warm golden hour light. No text, no books, no author names.",8.0,12.0,"Vertical shot: a wildflower meadow at dusk with fireflies rising, warm amber glow on the horizon, distant lights of a small town. No text, no books, no author names.",12.0,17.5,"Vertical hero shot: an empty rustic wooden table surface in warm golden light, with a steaming mug of coffee to one side and dried wildflowers to the other. Leave the center of the table completely empty. No books, no text, no covers, no author names anywhere in the frame.",queued,
HH-D01-EVE,2026-09-23,evening,pov,He fixes broken things. He forgot he was one of them.,He fixes broken things. He forgot he was one of them.,#BookTok #Romance #CedarHollow #HandyHearts #DKGrissom #BookLovers,Handy Hearts: He fixes broken things. He forgot he was one of them,"Meet Don. Widowed carpenter, three years in, still eating supper standing up. He fixes broken porches. He forgot he was one of them. Handy Hearts. Coming soon from D.K. Grissom.",0.0,4.0,"Vertical shot: Cedar Hollow small Southern town at golden hour, wildflowers by a country road, wooden storefronts and covered porches, warm painterly light. No text, no books, no author names.",4.0,8.0,"Vertical close-up: weathered blue-collar carpenter hands working with a hammer on wood on a covered porch, warm evening light, sawdust in the air. No text, no books, no author names.",8.0,12.0,"Vertical warm interior shot: small-town library with tall wooden shelves, soft afternoon light streaming through arched windows, a single reading chair by a window, wildflowers on a table. No text, no books visible on shelves, no author names.",12.0,17.5,"Vertical hero shot: an empty rustic wooden table surface in warm golden light, with a steaming mug of coffee to one side and dried wildflowers to the other. Leave the center of the table completely empty. No books, no text, no covers, no author names anywhere in the frame.",queued,
HH-D02-MOR,2026-09-24,morning,pov,She noticed him before she noticed the porch.,She noticed him before she noticed the porch.,#BookTok #Romance #CedarHollow #HandyHearts #DKGrissom #BookLovers,Handy Hearts: She noticed him before she noticed the porch,"Meet Dana. Librarian, transplant, brand new to Cedar Hollow. She noticed him before she noticed the porch. She noticed everything. Handy Hearts. Coming soon from D.K. Grissom.",0.0,4.0,"Vertical shot: Cedar Hollow small Southern town at golden hour, wildflowers by a country road, wooden storefronts and covered porches, warm painterly light. No text, no books, no author names.",4.0,8.0,"Vertical close-up: weathered blue-collar carpenter hands working with a hammer on wood on a covered porch, warm evening light, sawdust in the air. No text, no books, no author names.",8.0,12.0,"Vertical warm interior shot: small-town library with tall wooden shelves, soft afternoon light streaming through arched windows, a single reading chair by a window, wildflowers on a table. No text, no books visible on shelves, no author names.",12.0,17.5,"Vertical hero shot: an empty rustic wooden table surface in warm golden light, with a steaming mug of coffee to one side and dried wildflowers to the other. Leave the center of the table completely empty. No books, no text, no covers, no author names anywhere in the frame.",queued,
HH-D02-EVE,2026-09-24,evening,trope,One busted porch. One quiet librarian. One second chance.,One busted porch. One quiet librarian. One second chance.,#BookTok #SlowBurn #GrumpySunshine #CedarHollow #HandyHearts #DKGrissom,Handy Hearts: One busted porch. One quiet librarian. One second chance,"One busted porch. One quiet librarian. One widowed carpenter who thought he was done. In Cedar Hollow, small hands can heal a whole town. Handy Hearts. Coming soon from D.K. Grissom.",0.0,4.0,"Vertical shot: Cedar Hollow small Southern town at golden hour, wildflowers by a country road, wooden storefronts and covered porches, warm painterly light. No text, no books, no author names.",4.0,8.0,"Vertical close-up: a leather tool belt, hammer, and coiled measuring tape resting on weathered wooden porch boards, golden hour light. No text, no books, no author names.",8.0,12.0,"Vertical shot: a wooden rocking chair on a covered Southern porch at sunset, two mismatched coffee mugs on a small table, wildflowers in a mason jar. No text, no books, no author names.",12.0,17.5,"Vertical hero shot: an empty rustic wooden table surface in warm golden light, with a steaming mug of coffee to one side and dried wildflowers to the other. Leave the center of the table completely empty. No books, no text, no covers, no author names anywhere in the frame.",queued,
HH-D03-MOR,2026-09-25,morning,beat,Grief doesn't leave. But sometimes it makes room.,Grief doesn't leave. But sometimes it makes room.,#BookTok #Romance #HealingLove #CedarHollow #HandyHearts #DKGrissom,Handy Hearts: Grief doesn't leave. But sometimes it makes room,"Grief doesn't leave. But sometimes, on a warm porch in a small town, it makes room for something new. Handy Hearts. A Cedar Hollow novel. Coming soon from D.K. Grissom.",0.0,4.0,"Vertical shot: a wildflower meadow at dusk with fireflies rising, warm amber glow on the horizon, distant lights of a small town. No text, no books, no author names.",4.0,8.0,"Vertical wide shot of an old wooden Southern porch in disrepair, weathered peeling paint, a broken step board and sagging railing, wildflowers growing around the base, warm golden hour light. No text, no books, no author names.",8.0,12.0,"Vertical shot: a wooden rocking chair on a covered Southern porch at sunset, two mismatched coffee mugs on a small table, wildflowers in a mason jar. No text, no books, no author names.",12.0,17.5,"Vertical hero shot: an empty rustic wooden table surface in warm golden light, with a steaming mug of coffee to one side and dried wildflowers to the other. Leave the center of the table completely empty. No books, no text, no covers, no author names anywhere in the frame.",queued,
HH-D03-EVE,2026-09-25,evening,vibe,Welcome to Cedar Hollow.,Welcome to Cedar Hollow.,#BookTok #SmallTownRomance #CedarHollow #HandyHearts #DKGrissom,Handy Hearts: Welcome to Cedar Hollow,Welcome to Cedar Hollow. Population eight hundred and change. Home to porches that need fixing and hearts that need finding. Handy Hearts. Book One of a new small-town romance series. Coming soon from D.K. Grissom.,0.0,4.0,"Vertical shot: Cedar Hollow small Southern town at golden hour, wildflowers by a country road, wooden storefronts and covered porches, warm painterly light. No text, no books, no author names.",4.0,8.0,"Vertical wide shot of an old wooden Southern porch in disrepair, weathered peeling paint, a broken step board and sagging railing, wildflowers growing around the base, warm golden hour light. No text, no books, no author names.",8.0,12.0,"Vertical shot: a wildflower meadow at dusk with fireflies rising, warm amber glow on the horizon, distant lights of a small town. No text, no books, no author names.",12.0,17.5,"Vertical hero shot: an empty rustic wooden table surface in warm golden light, with a steaming mug of coffee to one side and dried wildflowers to the other. Leave the center of the table completely empty. No books, no text, no covers, no author names anywhere in the frame.",queued,
HH-D04-MOR,2026-09-26,morning,pov,He never talks. She's got questions.,He never talks. She's got questions.,#BookTok #Romance #CedarHollow #HandyHearts #DKGrissom #BookLovers,Handy Hearts: He never talks. She's got questions,Meet Don. He never talks. Meet Dana. She's got questions. And a stack of overdue library cards. Handy Hearts. Coming soon from D.K. Grissom.,0.0,4.0,"Vertical shot: Cedar Hollow small Southern town at golden hour, wildflowers by a country road, wooden storefronts and covered porches, warm painterly light. No text, no books, no author names.",4.0,8.0,"Vertical close-up: weathered blue-collar carpenter hands working with a hammer on wood on a covered porch, warm evening light, sawdust in the air. No text, no books, no author names.",8.0,12.0,"Vertical warm interior shot: small-town library with tall wooden shelves, soft afternoon light streaming through arched windows, a single reading chair by a window, wildflowers on a table. No text, no books visible on shelves, no author names.",12.0,17.5,"Vertical hero shot: an empty rustic wooden table surface in warm golden light, with a steaming mug of coffee to one side and dried wildflowers to the other. Leave the center of the table completely empty. No books, no text, no covers, no author names anywhere in the frame.",queued,
HH-D04-EVE,2026-09-26,evening,trope,Small town. Big secrets. One porch swing.,Small town. Big secrets. One porch swing.,#BookTok #SlowBurn #GrumpySunshine #CedarHollow #HandyHearts #DKGrissom,Handy Hearts: Small town. Big secrets. One porch swing,"Small town. Big secrets. One broken porch, and the woman who kept walking by. Handy Hearts. A Cedar Hollow novel. Coming soon from D.K. Grissom.",0.0,4.0,"Vertical shot: Cedar Hollow small Southern town at golden hour, wildflowers by a country road, wooden storefronts and covered porches, warm painterly light. No text, no books, no author names.",4.0,8.0,"Vertical close-up: a leather tool belt, hammer, and coiled measuring tape resting on weathered wooden porch boards, golden hour light. No text, no books, no author names.",8.0,12.0,"Vertical shot: a wooden rocking chair on a covered Southern porch at sunset, two mismatched coffee mugs on a small table, wildflowers in a mason jar. No text, no books, no author names.",12.0,17.5,"Vertical hero shot: an empty rustic wooden table surface in warm golden light, with a steaming mug of coffee to one side and dried wildflowers to the other. Leave the center of the table completely empty. No books, no text, no covers, no author names anywhere in the frame.",queued,
HH-D05-MOR,2026-09-27,morning,beat,Some love stories start with a hammer.,Some love stories start with a hammer.,#BookTok #Romance #HealingLove #CedarHollow #HandyHearts #DKGrissom,Handy Hearts: Some love stories start with a hammer,"Some love stories start with roses. This one starts with a hammer, a hurt man, and a woman who saw right through him. Handy Hearts. Coming soon from D.K. Grissom.",0.0,4.0,"Vertical shot: a wildflower meadow at dusk with fireflies rising, warm amber glow on the horizon, distant lights of a small town. No text, no books, no author names.",4.0,8.0,"Vertical wide shot of an old wooden Southern porch in disrepair, weathered peeling paint, a broken step board and sagging railing, wildflowers growing around the base, warm golden hour light. No text, no books, no author names.",8.0,12.0,"Vertical shot: a wooden rocking chair on a covered Southern porch at sunset, two mismatched coffee mugs on a small table, wildflowers in a mason jar. No text, no books, no author names.",12.0,17.5,"Vertical hero shot: an empty rustic wooden table surface in warm golden light, with a steaming mug of coffee to one side and dried wildflowers to the other. Leave the center of the table completely empty. No books, no text, no covers, no author names anywhere in the frame.",queued,
HH-D05-EVE,2026-09-27,evening,countdown,The Cedar Hollow series starts soon.,The Cedar Hollow series starts soon.,#ComingSoon #BookTok #NewRelease #CedarHollow #HandyHearts #DKGrissom,Handy Hearts: The Cedar Hollow series starts soon,"The Cedar Hollow series starts soon. Book One is Handy Hearts, a small-town romance about a widowed carpenter and the librarian who noticed. Coming soon from D.K. Grissom.",0.0,4.0,"Vertical shot: Cedar Hollow small Southern town at golden hour, wildflowers by a country road, wooden storefronts and covered porches, warm painterly light. No text, no books, no author names.",4.0,8.0,"Vertical shot: an old red pickup truck driving down a country dirt road past wildflower fields at golden hour, Cedar Hollow town sign in the distance. No text, no books, no author names.",8.0,12.0,"Vertical shot: a small white Southern church steeple against a burning orange sunset, wildflowers in the foreground, warm painterly light. No text, no books, no author names.",12.0,17.5,"Vertical hero shot: an empty rustic wooden table surface in warm golden light, with a steaming mug of coffee to one side and dried wildflowers to the other. Leave the center of the table completely empty. No books, no text, no covers, no author names anywhere in the frame.",queued,
HH-D06-MOR,2026-09-28,morning,vibe,Where the porches sag and the hearts don't.,Where the porches sag and the hearts don't.,#BookTok #SmallTownRomance #CedarHollow #HandyHearts #DKGrissom,Handy Hearts: Where the porches sag and the hearts don't,"Cedar Hollow, Tennessee. Where the porches sag and the hearts don't. Handy Hearts. Book One. Coming soon from D.K. Grissom.",0.0,4.0,"Vertical shot: Cedar Hollow small Southern town at golden hour, wildflowers by a country road, wooden storefronts and covered porches, warm painterly light. No text, no books, no author names.",4.0,8.0,"Vertical wide shot of an old wooden Southern porch in disrepair, weathered peeling paint, a broken step board and sagging railing, wildflowers growing around the base, warm golden hour light. No text, no books, no author names.",8.0,12.0,"Vertical shot: a wildflower meadow at dusk with fireflies rising, warm amber glow on the horizon, distant lights of a small town. No text, no books, no author names.",12.0,17.5,"Vertical hero shot: an empty rustic wooden table surface in warm golden light, with a steaming mug of coffee to one side and dried wildflowers to the other. Leave the center of the table completely empty. No books, no text, no covers, no author names anywhere in the frame.",queued,
HH-D06-EVE,2026-09-28,evening,pov,Wes tried to warn her. Nobody warns Dana.,Wes tried to warn her. Nobody warns Dana.,#BookTok #Romance #CedarHollow #HandyHearts #DKGrissom #BookLovers,Handy Hearts: Wes tried to warn her. Nobody warns Dana,Meet Wes. Local vet. Don's best friend since the third grade. He tried to warn her. But nobody warns Dana. Handy Hearts. Coming soon from D.K. Grissom.,0.0,4.0,"Vertical shot: Cedar Hollow small Southern town at golden hour, wildflowers by a country road, wooden storefronts and covered porches, warm painterly light. No text, no books, no author names.",4.0,8.0,"Vertical close-up: weathered blue-collar carpenter hands working with a hammer on wood on a covered porch, warm evening light, sawdust in the air. No text, no books, no author names.",8.0,12.0,"Vertical warm interior shot: small-town library with tall wooden shelves, soft afternoon light streaming through arched windows, a single reading chair by a window, wildflowers on a table. No text, no books visible on shelves, no author names.",12.0,17.5,"Vertical hero shot: an empty rustic wooden table surface in warm golden light, with a steaming mug of coffee to one side and dried wildflowers to the other. Leave the center of the table completely empty. No books, no text, no covers, no author names anywhere in the frame.",queued,
HH-D07-MOR,2026-09-29,morning,trope,Grumpy widower. Sunshine librarian. You know how this ends.,Grumpy widower. Sunshine librarian. You know how this ends.,#BookTok #SlowBurn #GrumpySunshine #CedarHollow #HandyHearts #DKGrissom,Handy Hearts: Grumpy widower. Sunshine librarian. You know how this ends,Grumpy widower. Sunshine librarian. Small town where everybody knows. You already know how this one ends. And you're gonna love every page. Handy Hearts. Coming soon from D.K. Grissom.,0.0,4.0,"Vertical shot: Cedar Hollow small Southern town at golden hour, wildflowers by a country road, wooden storefronts and covered porches, warm painterly light. No text, no books, no author names.",4.0,8.0,"Vertical close-up: a leather tool belt, hammer, and coiled measuring tape resting on weathered wooden porch boards, golden hour light. No text, no books, no author names.",8.0,12.0,"Vertical shot: a wooden rocking chair on a covered Southern porch at sunset, two mismatched coffee mugs on a small table, wildflowers in a mason jar. No text, no books, no author names.",12.0,17.5,"Vertical hero shot: an empty rustic wooden table surface in warm golden light, with a steaming mug of coffee to one side and dried wildflowers to the other. Leave the center of the table completely empty. No books, no text, no covers, no author names anywhere in the frame.",queued,
HH-D07-EVE,2026-09-29,evening,beat,"Broken things can be beautiful, too.","Broken things can be beautiful, too.",#BookTok #Romance #HealingLove #CedarHollow #HandyHearts #DKGrissom,"Handy Hearts: Broken things can be beautiful, too","Broken things can be beautiful, too. That's the first thing Cedar Hollow will teach you. Handy Hearts. A Cedar Hollow novel. Coming soon from D.K. Grissom.",0.0,4.0,"Vertical shot: a wildflower meadow at dusk with fireflies rising, warm amber glow on the horizon, distant lights of a small town. No text, no books, no author names.",4.0,8.0,"Vertical wide shot of an old wooden Southern porch in disrepair, weathered peeling paint, a broken step board and sagging railing, wildflowers growing around the base, warm golden hour light. No text, no books, no author names.",8.0,12.0,"Vertical shot: a wooden rocking chair on a covered Southern porch at sunset, two mismatched coffee mugs on a small table, wildflowers in a mason jar. No text, no books, no author names.",12.0,17.5,"Vertical hero shot: an empty rustic wooden table surface in warm golden light, with a steaming mug of coffee to one side and dried wildflowers to the other. Leave the center of the table completely empty. No books, no text, no covers, no author names anywhere in the frame.",queued,
HH-D08-MOR,2026-09-30,morning,pov,He hadn't laughed in three years. She made him laugh in three minutes.,He hadn't laughed in three years. She made him laugh in three minutes.,#BookTok #Romance #CedarHollow #HandyHearts #DKGrissom #BookLovers,Handy Hearts: He hadn't laughed in three years. She made him laugh in three minutes,He hadn't laughed in three years. She made him laugh in three minutes. Then she asked about the porch. Handy Hearts. Coming soon from D.K. Grissom.,0.0,4.0,"Vertical shot: Cedar Hollow small Southern town at golden hour, wildflowers by a country road, wooden storefronts and covered porches, warm painterly light. No text, no books, no author names.",4.0,8.0,"Vertical close-up: weathered blue-collar carpenter hands working with a hammer on wood on a covered porch, warm evening light, sawdust in the air. No text, no books, no author names.",8.0,12.0,"Vertical warm interior shot: small-town library with tall wooden shelves, soft afternoon light streaming through arched windows, a single reading chair by a window, wildflowers on a table. No text, no books visible on shelves, no author names.",12.0,17.5,"Vertical hero shot: an empty rustic wooden table surface in warm golden light, with a steaming mug of coffee to one side and dried wildflowers to the other. Leave the center of the table completely empty. No books, no text, no covers, no author names anywhere in the frame.",queued,
HH-D08-EVE,2026-09-30,evening,vibe,Cedar Hollow is waiting.,Cedar Hollow is waiting.,#BookTok #SmallTownRomance #CedarHollow #HandyHearts #DKGrissom,Handy Hearts: Cedar Hollow is waiting,"Cedar Hollow is waiting. There's a broken porch on Magnolia Street, and a librarian who just moved in across the way. Handy Hearts. Book One. Coming soon from D.K. Grissom.",0.0,4.0,"Vertical shot: Cedar Hollow small Southern town at golden hour, wildflowers by a country road, wooden storefronts and covered porches, warm painterly light. No text, no books, no author names.",4.0,8.0,"Vertical wide shot of an old wooden Southern porch in disrepair, weathered peeling paint, a broken step board and sagging railing, wildflowers growing around the base, warm golden hour light. No text, no books, no author names.",8.0,12.0,"Vertical shot: a wildflower meadow at dusk with fireflies rising, warm amber glow on the horizon, distant lights of a small town. No text, no books, no author names.",12.0,17.5,"Vertical hero shot: an empty rustic wooden table surface in warm golden light, with a steaming mug of coffee to one side and dried wildflowers to the other. Leave the center of the table completely empty. No books, no text, no covers, no author names anywhere in the frame.",queued,
HH-D09-MOR,2026-10-01,morning,pov,The librarian brought casseroles. He didn't know what to do with casseroles.,The librarian brought casseroles. He didn't know what to do with casseroles.,#BookTok #Romance #CedarHollow #HandyHearts #DKGrissom #BookLovers,Handy Hearts: The librarian brought casseroles. He didn't know what to do with casseroles,The librarian brought casseroles. She brought books. She brought light. He didn't know what to do with any of it. Handy Hearts. Coming soon from D.K. Grissom.,0.0,4.0,"Vertical shot: Cedar Hollow small Southern town at golden hour, wildflowers by a country road, wooden storefronts and covered porches, warm painterly light. No text, no books, no author names.",4.0,8.0,"Vertical close-up: weathered blue-collar carpenter hands working with a hammer on wood on a covered porch, warm evening light, sawdust in the air. No text, no books, no author names.",8.0,12.0,"Vertical warm interior shot: small-town library with tall wooden shelves, soft afternoon light streaming through arched windows, a single reading chair by a window, wildflowers on a table. No text, no books visible on shelves, no author names.",12.0,17.5,"Vertical hero shot: an empty rustic wooden table surface in warm golden light, with a steaming mug of coffee to one side and dried wildflowers to the other. Leave the center of the table completely empty. No books, no text, no covers, no author names anywhere in the frame.",queued,
HH-D09-EVE,2026-10-01,evening,trope,Second chance romance done right.,Second chance romance done right.,#BookTok #SlowBurn #GrumpySunshine #CedarHollow #HandyHearts #DKGrissom,Handy Hearts: Second chance romance done right,"Second chance romance done right. Small town. Slow burn. One carpenter who forgot how to hope, and the librarian who reminded him. Handy Hearts. Coming soon from D.K. Grissom.",0.0,4.0,"Vertical shot: Cedar Hollow small Southern town at golden hour, wildflowers by a country road, wooden storefronts and covered porches, warm painterly light. No text, no books, no author names.",4.0,8.0,"Vertical close-up: a leather tool belt, hammer, and coiled measuring tape resting on weathered wooden porch boards, golden hour light. No text, no books, no author names.",8.0,12.0,"Vertical shot: a wooden rocking chair on a covered Southern porch at sunset, two mismatched coffee mugs on a small table, wildflowers in a mason jar. No text, no books, no author names.",12.0,17.5,"Vertical hero shot: an empty rustic wooden table surface in warm golden light, with a steaming mug of coffee to one side and dried wildflowers to the other. Leave the center of the table completely empty. No books, no text, no covers, no author names anywhere in the frame.",queued,
HH-D10-MOR,2026-10-02,morning,beat,You don't rebuild a life. You just start hammering.,You don't rebuild a life. You just start hammering.,#BookTok #Romance #HealingLove #CedarHollow #HandyHearts #DKGrissom,Handy Hearts: You don't rebuild a life. You just start hammering,"You don't rebuild a life all at once. You just start hammering, one board at a time. Handy Hearts. A Cedar Hollow novel. Coming soon from D.K. Grissom.",0.0,4.0,"Vertical shot: a wildflower meadow at dusk with fireflies rising, warm amber glow on the horizon, distant lights of a small town. No text, no books, no author names.",4.0,8.0,"Vertical wide shot of an old wooden Southern porch in disrepair, weathered peeling paint, a broken step board and sagging railing, wildflowers growing around the base, warm golden hour light. No text, no books, no author names.",8.0,12.0,"Vertical shot: a wooden rocking chair on a covered Southern porch at sunset, two mismatched coffee mugs on a small table, wildflowers in a mason jar. No text, no books, no author names.",12.0,17.5,"Vertical hero shot: an empty rustic wooden table surface in warm golden light, with a steaming mug of coffee to one side and dried wildflowers to the other. Leave the center of the table completely empty. No books, no text, no covers, no author names anywhere in the frame.",queued,
HH-D10-EVE,2026-10-02,evening,countdown,Handy Hearts is coming.,Handy Hearts is coming.,#ComingSoon #BookTok #NewRelease #CedarHollow #HandyHearts #DKGrissom,Handy Hearts: Handy Hearts is coming,"Handy Hearts is coming. The first book in a new heartfelt Southern romance series, from D.K. Grissom. Cedar Hollow. Book One. Coming soon.",0.0,4.0,"Vertical shot: Cedar Hollow small Southern town at golden hour, wildflowers by a country road, wooden storefronts and covered porches, warm painterly light. No text, no books, no author names.",4.0,8.0,"Vertical shot: an old red pickup truck driving down a country dirt road past wildflower fields at golden hour, Cedar Hollow town sign in the distance. No text, no books, no author names.",8.0,12.0,"Vertical shot: a small white Southern church steeple against a burning orange sunset, wildflowers in the foreground, warm painterly light. No text, no books, no author names.",12.0,17.5,"Vertical hero shot: an empty rustic wooden table surface in warm golden light, with a steaming mug of coffee to one side and dried wildflowers to the other. Leave the center of the table completely empty. No books, no text, no covers, no author names anywhere in the frame.",queued,
HH-D11-MOR,2026-10-03,morning,vibe,There are no strangers in Cedar Hollow. Only stories.,There are no strangers in Cedar Hollow. Only stories.,#BookTok #SmallTownRomance #CedarHollow #HandyHearts #DKGrissom,Handy Hearts: There are no strangers in Cedar Hollow. Only stories,There are no strangers in Cedar Hollow. Only stories waiting to be swapped over a porch rail. Handy Hearts. Book One. Coming soon from D.K. Grissom.,0.0,4.0,"Vertical shot: Cedar Hollow small Southern town at golden hour, wildflowers by a country road, wooden storefronts and covered porches, warm painterly light. No text, no books, no author names.",4.0,8.0,"Vertical wide shot of an old wooden Southern porch in disrepair, weathered peeling paint, a broken step board and sagging railing, wildflowers growing around the base, warm golden hour light. No text, no books, no author names.",8.0,12.0,"Vertical shot: a wildflower meadow at dusk with fireflies rising, warm amber glow on the horizon, distant lights of a small town. No text, no books, no author names.",12.0,17.5,"Vertical hero shot: an empty rustic wooden table surface in warm golden light, with a steaming mug of coffee to one side and dried wildflowers to the other. Leave the center of the table completely empty. No books, no text, no covers, no author names anywhere in the frame.",queued,
HH-D11-EVE,2026-10-03,evening,pov,She read to the kids on Saturdays. He listened from the truck.,She read to the kids on Saturdays. He listened from the truck.,#BookTok #Romance #CedarHollow #HandyHearts #DKGrissom #BookLovers,Handy Hearts: She read to the kids on Saturdays. He listened from the truck,She read to the kids on Saturdays at the library steps. He parked his truck across the street and pretended not to listen. Everyone knew he was listening. Handy Hearts. Coming soon from D.K. Grissom.,0.0,4.0,"Vertical shot: Cedar Hollow small Southern town at golden hour, wildflowers by a country road, wooden storefronts and covered porches, warm painterly light. No text, no books, no author names.",4.0,8.0,"Vertical close-up: weathered blue-collar carpenter hands working with a hammer on wood on a covered porch, warm evening light, sawdust in the air. No text, no books, no author names.",8.0,12.0,"Vertical warm interior shot: small-town library with tall wooden shelves, soft afternoon light streaming through arched windows, a single reading chair by a window, wildflowers on a table. No text, no books visible on shelves, no author names.",12.0,17.5,"Vertical hero shot: an empty rustic wooden table surface in warm golden light, with a steaming mug of coffee to one side and dried wildflowers to the other. Leave the center of the table completely empty. No books, no text, no covers, no author names anywhere in the frame.",queued,
HH-D12-MOR,2026-10-04,morning,trope,Widowed hero. Small town. Big feelings.,Widowed hero. Small town. Big feelings.,#BookTok #SlowBurn #GrumpySunshine #CedarHollow #HandyHearts #DKGrissom,Handy Hearts: Widowed hero. Small town. Big feelings,"Widowed hero. Small Southern town. Big feelings and slow-burning love. If that's your shelf, Handy Hearts is your next read. Coming soon from D.K. Grissom.",0.0,4.0,"Vertical shot: Cedar Hollow small Southern town at golden hour, wildflowers by a country road, wooden storefronts and covered porches, warm painterly light. No text, no books, no author names.",4.0,8.0,"Vertical close-up: a leather tool belt, hammer, and coiled measuring tape resting on weathered wooden porch boards, golden hour light. No text, no books, no author names.",8.0,12.0,"Vertical shot: a wooden rocking chair on a covered Southern porch at sunset, two mismatched coffee mugs on a small table, wildflowers in a mason jar. No text, no books, no author names.",12.0,17.5,"Vertical hero shot: an empty rustic wooden table surface in warm golden light, with a steaming mug of coffee to one side and dried wildflowers to the other. Leave the center of the table completely empty. No books, no text, no covers, no author names anywhere in the frame.",queued,
HH-D12-EVE,2026-10-04,evening,beat,Healing looks a lot like a Saturday morning porch.,Healing looks a lot like a Saturday morning porch.,#BookTok #Romance #HealingLove #CedarHollow #HandyHearts #DKGrissom,Handy Hearts: Healing looks a lot like a Saturday morning porch,"Turns out healing doesn't look like a mountaintop. It looks like a Saturday morning porch, two mugs of coffee, and someone who stayed. Handy Hearts. Coming soon from D.K. Grissom.",0.0,4.0,"Vertical shot: a wildflower meadow at dusk with fireflies rising, warm amber glow on the horizon, distant lights of a small town. No text, no books, no author names.",4.0,8.0,"Vertical wide shot of an old wooden Southern porch in disrepair, weathered peeling paint, a broken step board and sagging railing, wildflowers growing around the base, warm golden hour light. No text, no books, no author names.",8.0,12.0,"Vertical shot: a wooden rocking chair on a covered Southern porch at sunset, two mismatched coffee mugs on a small table, wildflowers in a mason jar. No text, no books, no author names.",12.0,17.5,"Vertical hero shot: an empty rustic wooden table surface in warm golden light, with a steaming mug of coffee to one side and dried wildflowers to the other. Leave the center of the table completely empty. No books, no text, no covers, no author names anywhere in the frame.",queued,
HH-D13-MOR,2026-10-05,morning,pov,His late wife loved wildflowers. Dana didn't know that yet.,His late wife loved wildflowers. Dana didn't know that yet.,#BookTok #Romance #CedarHollow #HandyHearts #DKGrissom #BookLovers,Handy Hearts: His late wife loved wildflowers. Dana didn't know that yet,Don's late wife planted wildflowers in every corner of the yard. Dana didn't know that yet. She'd learn. She always did. Handy Hearts. Coming soon from D.K. Grissom.,0.0,4.0,"Vertical shot: Cedar Hollow small Southern town at golden hour, wildflowers by a country road, wooden storefronts and covered porches, warm painterly light. No text, no books, no author names.",4.0,8.0,"Vertical close-up: weathered blue-collar carpenter hands working with a hammer on wood on a covered porch, warm evening light, sawdust in the air. No text, no books, no author names.",8.0,12.0,"Vertical warm interior shot: small-town library with tall wooden shelves, soft afternoon light streaming through arched windows, a single reading chair by a window, wildflowers on a table. No text, no books visible on shelves, no author names.",12.0,17.5,"Vertical hero shot: an empty rustic wooden table surface in warm golden light, with a steaming mug of coffee to one side and dried wildflowers to the other. Leave the center of the table completely empty. No books, no text, no covers, no author names anywhere in the frame.",queued,
HH-D13-EVE,2026-10-05,evening,vibe,One town. One porch. One hammer. One heart.,One town. One porch. One hammer. One heart.,#BookTok #SmallTownRomance #CedarHollow #HandyHearts #DKGrissom,Handy Hearts: One town. One porch. One hammer. One heart,"One town. One busted porch. One weathered hammer. One heart that forgot how to open. Handy Hearts. Cedar Hollow, Book One. Coming soon from D.K. Grissom.",0.0,4.0,"Vertical shot: Cedar Hollow small Southern town at golden hour, wildflowers by a country road, wooden storefronts and covered porches, warm painterly light. No text, no books, no author names.",4.0,8.0,"Vertical wide shot of an old wooden Southern porch in disrepair, weathered peeling paint, a broken step board and sagging railing, wildflowers growing around the base, warm golden hour light. No text, no books, no author names.",8.0,12.0,"Vertical shot: a wildflower meadow at dusk with fireflies rising, warm amber glow on the horizon, distant lights of a small town. No text, no books, no author names.",12.0,17.5,"Vertical hero shot: an empty rustic wooden table surface in warm golden light, with a steaming mug of coffee to one side and dried wildflowers to the other. Leave the center of the table completely empty. No books, no text, no covers, no author names anywhere in the frame.",queued,
HH-D14-MOR,2026-10-06,morning,pov,Dana asked for a library card. She left with more than that.,Dana asked for a library card. She left with more than that.,#BookTok #Romance #CedarHollow #HandyHearts #DKGrissom #BookLovers,Handy Hearts: Dana asked for a library card. She left with more than that,Dana walked into Cedar Hollow with a suitcase and a plan. The plan lasted about four days. Handy Hearts. Coming soon from D.K. Grissom.,0.0,4.0,"Vertical shot: Cedar Hollow small Southern town at golden hour, wildflowers by a country road, wooden storefronts and covered porches, warm painterly light. No text, no books, no author names.",4.0,8.0,"Vertical close-up: weathered blue-collar carpenter hands working with a hammer on wood on a covered porch, warm evening light, sawdust in the air. No text, no books, no author names.",8.0,12.0,"Vertical warm interior shot: small-town library with tall wooden shelves, soft afternoon light streaming through arched windows, a single reading chair by a window, wildflowers on a table. No text, no books visible on shelves, no author names.",12.0,17.5,"Vertical hero shot: an empty rustic wooden table surface in warm golden light, with a steaming mug of coffee to one side and dried wildflowers to the other. Leave the center of the table completely empty. No books, no text, no covers, no author names anywhere in the frame.",queued,
HH-D14-EVE,2026-10-06,evening,trope,Handyman-turns-hero. Librarian who sees him first.,Handyman-turns-hero. Librarian who sees him first.,#BookTok #SlowBurn #GrumpySunshine #CedarHollow #HandyHearts #DKGrissom,Handy Hearts: Handyman-turns-hero. Librarian who sees him first,"The handyman who fixes everything but himself. The librarian who saw him first. If that's your kind of story, Handy Hearts is your next one. Coming soon from D.K. Grissom.",0.0,4.0,"Vertical shot: Cedar Hollow small Southern town at golden hour, wildflowers by a country road, wooden storefronts and covered porches, warm painterly light. No text, no books, no author names.",4.0,8.0,"Vertical close-up: a leather tool belt, hammer, and coiled measuring tape resting on weathered wooden porch boards, golden hour light. No text, no books, no author names.",8.0,12.0,"Vertical shot: a wooden rocking chair on a covered Southern porch at sunset, two mismatched coffee mugs on a small table, wildflowers in a mason jar. No text, no books, no author names.",12.0,17.5,"Vertical hero shot: an empty rustic wooden table surface in warm golden light, with a steaming mug of coffee to one side and dried wildflowers to the other. Leave the center of the table completely empty. No books, no text, no covers, no author names anywhere in the frame.",queued,
HH-D15-MOR,2026-10-07,morning,beat,Love doesn't fix you. It stands beside you while you fix yourself.,Love doesn't fix you. It stands beside you while you fix yourself.,#BookTok #Romance #HealingLove #CedarHollow #HandyHearts #DKGrissom,Handy Hearts: Love doesn't fix you. It stands beside you while you fix yourself,"Love doesn't fix you. It stands beside you on a porch in Cedar Hollow while you fix yourself, one board at a time. Handy Hearts. Coming soon from D.K. Grissom.",0.0,4.0,"Vertical shot: a wildflower meadow at dusk with fireflies rising, warm amber glow on the horizon, distant lights of a small town. No text, no books, no author names.",4.0,8.0,"Vertical wide shot of an old wooden Southern porch in disrepair, weathered peeling paint, a broken step board and sagging railing, wildflowers growing around the base, warm golden hour light. No text, no books, no author names.",8.0,12.0,"Vertical shot: a wooden rocking chair on a covered Southern porch at sunset, two mismatched coffee mugs on a small table, wildflowers in a mason jar. No text, no books, no author names.",12.0,17.5,"Vertical hero shot: an empty rustic wooden table surface in warm golden light, with a steaming mug of coffee to one side and dried wildflowers to the other. Leave the center of the table completely empty. No books, no text, no covers, no author names anywhere in the frame.",queued,
HH-D15-EVE,2026-10-07,evening,countdown,The launch is close.,The launch is close.,#ComingSoon #BookTok #NewRelease #CedarHollow #HandyHearts #DKGrissom,Handy Hearts: The launch is close,"The launch is close. Handy Hearts, Book One in the Cedar Hollow romance series, is almost here. From D.K. Grissom. Coming soon.",0.0,4.0,"Vertical shot: Cedar Hollow small Southern town at golden hour, wildflowers by a country road, wooden storefronts and covered porches, warm painterly light. No text, no books, no author names.",4.0,8.0,"Vertical shot: an old red pickup truck driving down a country dirt road past wildflower fields at golden hour, Cedar Hollow town sign in the distance. No text, no books, no author names.",8.0,12.0,"Vertical shot: a small white Southern church steeple against a burning orange sunset, wildflowers in the foreground, warm painterly light. No text, no books, no author names.",12.0,17.5,"Vertical hero shot: an empty rustic wooden table surface in warm golden light, with a steaming mug of coffee to one side and dried wildflowers to the other. Leave the center of the table completely empty. No books, no text, no covers, no author names anywhere in the frame.",queued,
HH-D16-MOR,2026-10-08,morning,vibe,This is a Cedar Hollow love story.,This is a Cedar Hollow love story.,#BookTok #SmallTownRomance #CedarHollow #HandyHearts #DKGrissom,Handy Hearts: This is a Cedar Hollow love story,This is a Cedar Hollow love story. Slow. Warm. A little bit broken. Handy Hearts. Book One. Coming soon from D.K. Grissom.,0.0,4.0,"Vertical shot: Cedar Hollow small Southern town at golden hour, wildflowers by a country road, wooden storefronts and covered porches, warm painterly light. No text, no books, no author names.",4.0,8.0,"Vertical wide shot of an old wooden Southern porch in disrepair, weathered peeling paint, a broken step board and sagging railing, wildflowers growing around the base, warm golden hour light. No text, no books, no author names.",8.0,12.0,"Vertical shot: a wildflower meadow at dusk with fireflies rising, warm amber glow on the horizon, distant lights of a small town. No text, no books, no author names.",12.0,17.5,"Vertical hero shot: an empty rustic wooden table surface in warm golden light, with a steaming mug of coffee to one side and dried wildflowers to the other. Leave the center of the table completely empty. No books, no text, no covers, no author names anywhere in the frame.",queued,
HH-D16-EVE,2026-10-08,evening,pov,The whole town noticed before they did.,The whole town noticed before they did.,#BookTok #Romance #CedarHollow #HandyHearts #DKGrissom #BookLovers,Handy Hearts: The whole town noticed before they did,The whole town noticed before they did. That's how it works in Cedar Hollow. Handy Hearts. Coming soon from D.K. Grissom.,0.0,4.0,"Vertical shot: Cedar Hollow small Southern town at golden hour, wildflowers by a country road, wooden storefronts and covered porches, warm painterly light. No text, no books, no author names.",4.0,8.0,"Vertical close-up: weathered blue-collar carpenter hands working with a hammer on wood on a covered porch, warm evening light, sawdust in the air. No text, no books, no author names.",8.0,12.0,"Vertical warm interior shot: small-town library with tall wooden shelves, soft afternoon light streaming through arched windows, a single reading chair by a window, wildflowers on a table. No text, no books visible on shelves, no author names.",12.0,17.5,"Vertical hero shot: an empty rustic wooden table surface in warm golden light, with a steaming mug of coffee to one side and dried wildflowers to the other. Leave the center of the table completely empty. No books, no text, no covers, no author names anywhere in the frame.",queued,
HH-D17-MOR,2026-10-09,morning,trope,Slow burn. Sweet payoff. Southern porch.,Slow burn. Sweet payoff. Southern porch.,#BookTok #SlowBurn #GrumpySunshine #CedarHollow #HandyHearts #DKGrissom,Handy Hearts: Slow burn. Sweet payoff. Southern porch,"Slow burn. Sweet payoff. A Southern porch, a broken step, and a widowed carpenter who finally looked up. Handy Hearts. Coming soon from D.K. Grissom.",0.0,4.0,"Vertical shot: Cedar Hollow small Southern town at golden hour, wildflowers by a country road, wooden storefronts and covered porches, warm painterly light. No text, no books, no author names.",4.0,8.0,"Vertical close-up: a leather tool belt, hammer, and coiled measuring tape resting on weathered wooden porch boards, golden hour light. No text, no books, no author names.",8.0,12.0,"Vertical shot: a wooden rocking chair on a covered Southern porch at sunset, two mismatched coffee mugs on a small table, wildflowers in a mason jar. No text, no books, no author names.",12.0,17.5,"Vertical hero shot: an empty rustic wooden table surface in warm golden light, with a steaming mug of coffee to one side and dried wildflowers to the other. Leave the center of the table completely empty. No books, no text, no covers, no author names anywhere in the frame.",queued,
HH-D17-EVE,2026-10-09,evening,beat,Some people fix houses. Some people fix each other.,Some people fix houses. Some people fix each other.,#BookTok #Romance #HealingLove #CedarHollow #HandyHearts #DKGrissom,Handy Hearts: Some people fix houses. Some people fix each other,"Some people fix houses. Some people fix each other. In Cedar Hollow, sometimes it's the same person. Handy Hearts. Coming soon from D.K. Grissom.",0.0,4.0,"Vertical shot: a wildflower meadow at dusk with fireflies rising, warm amber glow on the horizon, distant lights of a small town. No text, no books, no author names.",4.0,8.0,"Vertical wide shot of an old wooden Southern porch in disrepair, weathered peeling paint, a broken step board and sagging railing, wildflowers growing around the base, warm golden hour light. No text, no books, no author names.",8.0,12.0,"Vertical shot: a wooden rocking chair on a covered Southern porch at sunset, two mismatched coffee mugs on a small table, wildflowers in a mason jar. No text, no books, no author names.",12.0,17.5,"Vertical hero shot: an empty rustic wooden table surface in warm golden light, with a steaming mug of coffee to one side and dried wildflowers to the other. Leave the center of the table completely empty. No books, no text, no covers, no author names anywhere in the frame.",queued,
HH-D18-MOR,2026-10-10,morning,pov,He hadn't touched the porch swing in three years.,He hadn't touched the porch swing in three years.,#BookTok #Romance #CedarHollow #HandyHearts #DKGrissom #BookLovers,Handy Hearts: He hadn't touched the porch swing in three years,He hadn't touched the porch swing in three years. Then Dana asked why. Handy Hearts. Coming soon from D.K. Grissom.,0.0,4.0,"Vertical shot: Cedar Hollow small Southern town at golden hour, wildflowers by a country road, wooden storefronts and covered porches, warm painterly light. No text, no books, no author names.",4.0,8.0,"Vertical close-up: weathered blue-collar carpenter hands working with a hammer on wood on a covered porch, warm evening light, sawdust in the air. No text, no books, no author names.",8.0,12.0,"Vertical warm interior shot: small-town library with tall wooden shelves, soft afternoon light streaming through arched windows, a single reading chair by a window, wildflowers on a table. No text, no books visible on shelves, no author names.",12.0,17.5,"Vertical hero shot: an empty rustic wooden table surface in warm golden light, with a steaming mug of coffee to one side and dried wildflowers to the other. Leave the center of the table completely empty. No books, no text, no covers, no author names anywhere in the frame.",queued,
HH-D18-EVE,2026-10-10,evening,vibe,Cedar Hollow. Book One. Handy Hearts.,Cedar Hollow. Book One. Handy Hearts.,#BookTok #SmallTownRomance #CedarHollow #HandyHearts #DKGrissom,Handy Hearts: Cedar Hollow. Book One. Handy Hearts,Cedar Hollow. Population eight hundred. Book One is Handy Hearts. And it starts with a broken porch. Coming soon from D.K. Grissom.,0.0,4.0,"Vertical shot: Cedar Hollow small Southern town at golden hour, wildflowers by a country road, wooden storefronts and covered porches, warm painterly light. No text, no books, no author names.",4.0,8.0,"Vertical wide shot of an old wooden Southern porch in disrepair, weathered peeling paint, a broken step board and sagging railing, wildflowers growing around the base, warm golden hour light. No text, no books, no author names.",8.0,12.0,"Vertical shot: a wildflower meadow at dusk with fireflies rising, warm amber glow on the horizon, distant lights of a small town. No text, no books, no author names.",12.0,17.5,"Vertical hero shot: an empty rustic wooden table surface in warm golden light, with a steaming mug of coffee to one side and dried wildflowers to the other. Leave the center of the table completely empty. No books, no text, no covers, no author names anywhere in the frame.",queued,
HH-D19-MOR,2026-10-11,morning,pov,The librarian brought casseroles. And a question.,The librarian brought casseroles. And a question.,#BookTok #Romance #CedarHollow #HandyHearts #DKGrissom #BookLovers,Handy Hearts: The librarian brought casseroles. And a question,"The librarian brought casseroles, and one question nobody in Cedar Hollow had ever asked out loud. Handy Hearts. Coming soon from D.K. Grissom.",0.0,4.0,"Vertical shot: Cedar Hollow small Southern town at golden hour, wildflowers by a country road, wooden storefronts and covered porches, warm painterly light. No text, no books, no author names.",4.0,8.0,"Vertical close-up: weathered blue-collar carpenter hands working with a hammer on wood on a covered porch, warm evening light, sawdust in the air. No text, no books, no author names.",8.0,12.0,"Vertical warm interior shot: small-town library with tall wooden shelves, soft afternoon light streaming through arched windows, a single reading chair by a window, wildflowers on a table. No text, no books visible on shelves, no author names.",12.0,17.5,"Vertical hero shot: an empty rustic wooden table surface in warm golden light, with a steaming mug of coffee to one side and dried wildflowers to the other. Leave the center of the table completely empty. No books, no text, no covers, no author names anywhere in the frame.",queued,
HH-D19-EVE,2026-10-11,evening,trope,Emotional. Southern. Slow-burning. Yours.,Emotional. Southern. Slow-burning. Yours.,#BookTok #SlowBurn #GrumpySunshine #CedarHollow #HandyHearts #DKGrissom,Handy Hearts: Emotional. Southern. Slow-burning. Yours,"Emotional. Small-town. Southern. Slow-burning. If that's your shelf, this book is yours. Handy Hearts. Coming soon from D.K. Grissom.",0.0,4.0,"Vertical shot: Cedar Hollow small Southern town at golden hour, wildflowers by a country road, wooden storefronts and covered porches, warm painterly light. No text, no books, no author names.",4.0,8.0,"Vertical close-up: a leather tool belt, hammer, and coiled measuring tape resting on weathered wooden porch boards, golden hour light. No text, no books, no author names.",8.0,12.0,"Vertical shot: a wooden rocking chair on a covered Southern porch at sunset, two mismatched coffee mugs on a small table, wildflowers in a mason jar. No text, no books, no author names.",12.0,17.5,"Vertical hero shot: an empty rustic wooden table surface in warm golden light, with a steaming mug of coffee to one side and dried wildflowers to the other. Leave the center of the table completely empty. No books, no text, no covers, no author names anywhere in the frame.",queued,
HH-D20-MOR,2026-10-12,morning,beat,Grief and hope can share a porch.,Grief and hope can share a porch.,#BookTok #Romance #HealingLove #CedarHollow #HandyHearts #DKGrissom,Handy Hearts: Grief and hope can share a porch,Grief and hope can share a porch. That's the first thing you'll learn in Cedar Hollow. Handy Hearts. Coming soon from D.K. Grissom.,0.0,4.0,"Vertical shot: a wildflower meadow at dusk with fireflies rising, warm amber glow on the horizon, distant lights of a small town. No text, no books, no author names.",4.0,8.0,"Vertical wide shot of an old wooden Southern porch in disrepair, weathered peeling paint, a broken step board and sagging railing, wildflowers growing around the base, warm golden hour light. No text, no books, no author names.",8.0,12.0,"Vertical shot: a wooden rocking chair on a covered Southern porch at sunset, two mismatched coffee mugs on a small table, wildflowers in a mason jar. No text, no books, no author names.",12.0,17.5,"Vertical hero shot: an empty rustic wooden table surface in warm golden light, with a steaming mug of coffee to one side and dried wildflowers to the other. Leave the center of the table completely empty. No books, no text, no covers, no author names anywhere in the frame.",queued,
HH-D20-EVE,2026-10-12,evening,countdown,Almost time.,Almost time.,#ComingSoon #BookTok #NewRelease #CedarHollow #HandyHearts #DKGrissom,Handy Hearts: Almost time,"Almost time. Handy Hearts, the first Cedar Hollow romance from D.K. Grissom, is coming soon. Add it to your reading list.",0.0,4.0,"Vertical shot: Cedar Hollow small Southern town at golden hour, wildflowers by a country road, wooden storefronts and covered porches, warm painterly light. No text, no books, no author names.",4.0,8.0,"Vertical shot: an old red pickup truck driving down a country dirt road past wildflower fields at golden hour, Cedar Hollow town sign in the distance. No text, no books, no author names.",8.0,12.0,"Vertical shot: a small white Southern church steeple against a burning orange sunset, wildflowers in the foreground, warm painterly light. No text, no books, no author names.",12.0,17.5,"Vertical hero shot: an empty rustic wooden table surface in warm golden light, with a steaming mug of coffee to one side and dried wildflowers to the other. Leave the center of the table completely empty. No books, no text, no covers, no author names anywhere in the frame.",queued,
HH-D21-MOR,2026-10-13,morning,vibe,A new small-town series is coming.,A new small-town series is coming.,#BookTok #SmallTownRomance #CedarHollow #HandyHearts #DKGrissom,Handy Hearts: A new small-town series is coming,A new small-town Southern romance series is coming. It starts with a widowed carpenter and a broken porch. Handy Hearts. Book One. Coming soon from D.K. Grissom.,0.0,4.0,"Vertical shot: Cedar Hollow small Southern town at golden hour, wildflowers by a country road, wooden storefronts and covered porches, warm painterly light. No text, no books, no author names.",4.0,8.0,"Vertical wide shot of an old wooden Southern porch in disrepair, weathered peeling paint, a broken step board and sagging railing, wildflowers growing around the base, warm golden hour light. No text, no books, no author names.",8.0,12.0,"Vertical shot: a wildflower meadow at dusk with fireflies rising, warm amber glow on the horizon, distant lights of a small town. No text, no books, no author names.",12.0,17.5,"Vertical hero shot: an empty rustic wooden table surface in warm golden light, with a steaming mug of coffee to one side and dried wildflowers to the other. Leave the center of the table completely empty. No books, no text, no covers, no author names anywhere in the frame.",queued,
HH-D21-EVE,2026-10-13,evening,pov,He was the strongest man she'd ever met. He never knew it.,He was the strongest man she'd ever met. He never knew it.,#BookTok #Romance #CedarHollow #HandyHearts #DKGrissom #BookLovers,Handy Hearts: He was the strongest man she'd ever met. He never knew it,He was the strongest man Dana had ever met. He never knew it. That was the part she planned to fix. Handy Hearts. Coming soon from D.K. Grissom.,0.0,4.0,"Vertical shot: Cedar Hollow small Southern town at golden hour, wildflowers by a country road, wooden storefronts and covered porches, warm painterly light. No text, no books, no author names.",4.0,8.0,"Vertical close-up: weathered blue-collar carpenter hands working with a hammer on wood on a covered porch, warm evening light, sawdust in the air. No text, no books, no author names.",8.0,12.0,"Vertical warm interior shot: small-town library with tall wooden shelves, soft afternoon light streaming through arched windows, a single reading chair by a window, wildflowers on a table. No text, no books visible on shelves, no author names.",12.0,17.5,"Vertical hero shot: an empty rustic wooden table surface in warm golden light, with a steaming mug of coffee to one side and dried wildflowers to the other. Leave the center of the table completely empty. No books, no text, no covers, no author names anywhere in the frame.",queued,
HH-D22-MOR,2026-10-14,morning,trope,Small-town gossip. Handyman hero. Librarian heroine.,Small-town gossip. Handyman hero. Librarian heroine.,#BookTok #SlowBurn #GrumpySunshine #CedarHollow #HandyHearts #DKGrissom,Handy Hearts: Small-town gossip. Handyman hero. Librarian heroine,Small-town gossip. Church-potluck matchmaking. A handyman hero and the librarian who moved in across the road. Handy Hearts. Coming soon from D.K. Grissom.,0.0,4.0,"Vertical shot: Cedar Hollow small Southern town at golden hour, wildflowers by a country road, wooden storefronts and covered porches, warm painterly light. No text, no books, no author names.",4.0,8.0,"Vertical close-up: a leather tool belt, hammer, and coiled measuring tape resting on weathered wooden porch boards, golden hour light. No text, no books, no author names.",8.0,12.0,"Vertical shot: a wooden rocking chair on a covered Southern porch at sunset, two mismatched coffee mugs on a small table, wildflowers in a mason jar. No text, no books, no author names.",12.0,17.5,"Vertical hero shot: an empty rustic wooden table surface in warm golden light, with a steaming mug of coffee to one side and dried wildflowers to the other. Leave the center of the table completely empty. No books, no text, no covers, no author names anywhere in the frame.",queued,
HH-D22-EVE,2026-10-14,evening,beat,Sometimes healing sounds like a hammer.,Sometimes healing sounds like a hammer.,#BookTok #Romance #HealingLove #CedarHollow #HandyHearts #DKGrissom,Handy Hearts: Sometimes healing sounds like a hammer,"Sometimes healing sounds like a hammer, and looks like two mugs of coffee on a Saturday porch. Handy Hearts. Coming soon from D.K. Grissom.",0.0,4.0,"Vertical shot: a wildflower meadow at dusk with fireflies rising, warm amber glow on the horizon, distant lights of a small town. No text, no books, no author names.",4.0,8.0,"Vertical wide shot of an old wooden Southern porch in disrepair, weathered peeling paint, a broken step board and sagging railing, wildflowers growing around the base, warm golden hour light. No text, no books, no author names.",8.0,12.0,"Vertical shot: a wooden rocking chair on a covered Southern porch at sunset, two mismatched coffee mugs on a small table, wildflowers in a mason jar. No text, no books, no author names.",12.0,17.5,"Vertical hero shot: an empty rustic wooden table surface in warm golden light, with a steaming mug of coffee to one side and dried wildflowers to the other. Leave the center of the table completely empty. No books, no text, no covers, no author names anywhere in the frame.",queued,
HH-D23-MOR,2026-10-15,morning,pov,Dana didn't come to Cedar Hollow for love. She came to disappear.,Dana didn't come to Cedar Hollow for love. She came to disappear.,#BookTok #Romance #CedarHollow #HandyHearts #DKGrissom #BookLovers,Handy Hearts: Dana didn't come to Cedar Hollow for love. She came to disappear,"Dana didn't come to Cedar Hollow for love. She came to disappear. Cedar Hollow, of course, had other plans. Handy Hearts. Coming soon from D.K. Grissom.",0.0,4.0,"Vertical shot: Cedar Hollow small Southern town at golden hour, wildflowers by a country road, wooden storefronts and covered porches, warm painterly light. No text, no books, no author names.",4.0,8.0,"Vertical close-up: weathered blue-collar carpenter hands working with a hammer on wood on a covered porch, warm evening light, sawdust in the air. No text, no books, no author names.",8.0,12.0,"Vertical warm interior shot: small-town library with tall wooden shelves, soft afternoon light streaming through arched windows, a single reading chair by a window, wildflowers on a table. No text, no books visible on shelves, no author names.",12.0,17.5,"Vertical hero shot: an empty rustic wooden table surface in warm golden light, with a steaming mug of coffee to one side and dried wildflowers to the other. Leave the center of the table completely empty. No books, no text, no covers, no author names anywhere in the frame.",queued,
HH-D23-EVE,2026-10-15,evening,vibe,Where every broken thing has a story.,Where every broken thing has a story.,#BookTok #SmallTownRomance #CedarHollow #HandyHearts #DKGrissom,Handy Hearts: Where every broken thing has a story,"Cedar Hollow. Where every broken thing has a story, and every story has a porch. Handy Hearts. Book One. Coming soon from D.K. Grissom.",0.0,4.0,"Vertical shot: Cedar Hollow small Southern town at golden hour, wildflowers by a country road, wooden storefronts and covered porches, warm painterly light. No text, no books, no author names.",4.0,8.0,"Vertical wide shot of an old wooden Southern porch in disrepair, weathered peeling paint, a broken step board and sagging railing, wildflowers growing around the base, warm golden hour light. No text, no books, no author names.",8.0,12.0,"Vertical shot: a wildflower meadow at dusk with fireflies rising, warm amber glow on the horizon, distant lights of a small town. No text, no books, no author names.",12.0,17.5,"Vertical hero shot: an empty rustic wooden table surface in warm golden light, with a steaming mug of coffee to one side and dried wildflowers to the other. Leave the center of the table completely empty. No books, no text, no covers, no author names anywhere in the frame.",queued,
HH-D24-MOR,2026-10-16,morning,pov,Wes said it first. Nobody listened.,Wes said it first. Nobody listened.,#BookTok #Romance #CedarHollow #HandyHearts #DKGrissom #BookLovers,Handy Hearts: Wes said it first. Nobody listened,"Wes, the vet, saw it before anyone. He said it out loud on the porch of the general store. Nobody listened. They didn't need to. Handy Hearts. Coming soon from D.K. Grissom.",0.0,4.0,"Vertical shot: Cedar Hollow small Southern town at golden hour, wildflowers by a country road, wooden storefronts and covered porches, warm painterly light. No text, no books, no author names.",4.0,8.0,"Vertical close-up: weathered blue-collar carpenter hands working with a hammer on wood on a covered porch, warm evening light, sawdust in the air. No text, no books, no author names.",8.0,12.0,"Vertical warm interior shot: small-town library with tall wooden shelves, soft afternoon light streaming through arched windows, a single reading chair by a window, wildflowers on a table. No text, no books visible on shelves, no author names.",12.0,17.5,"Vertical hero shot: an empty rustic wooden table surface in warm golden light, with a steaming mug of coffee to one side and dried wildflowers to the other. Leave the center of the table completely empty. No books, no text, no covers, no author names anywhere in the frame.",queued,
HH-D24-EVE,2026-10-16,evening,trope,Grumpy sunshine. Widow's hope. Southern warm.,Grumpy sunshine. Widow's hope. Southern warm.,#BookTok #SlowBurn #GrumpySunshine #CedarHollow #HandyHearts #DKGrissom,Handy Hearts: Grumpy sunshine. Widow's hope. Southern warm,Grumpy widower. Sunshine librarian. A whole town leaning on the porch rail waiting to see what happens next. Handy Hearts. Coming soon from D.K. Grissom.,0.0,4.0,"Vertical shot: Cedar Hollow small Southern town at golden hour, wildflowers by a country road, wooden storefronts and covered porches, warm painterly light. No text, no books, no author names.",4.0,8.0,"Vertical close-up: a leather tool belt, hammer, and coiled measuring tape resting on weathered wooden porch boards, golden hour light. No text, no books, no author names.",8.0,12.0,"Vertical shot: a wooden rocking chair on a covered Southern porch at sunset, two mismatched coffee mugs on a small table, wildflowers in a mason jar. No text, no books, no author names.",12.0,17.5,"Vertical hero shot: an empty rustic wooden table surface in warm golden light, with a steaming mug of coffee to one side and dried wildflowers to the other. Leave the center of the table completely empty. No books, no text, no covers, no author names anywhere in the frame.",queued,
HH-D25-MOR,2026-10-17,morning,beat,Your favorite next read is almost here.,Your favorite next read is almost here.,#BookTok #Romance #HealingLove #CedarHollow #HandyHearts #DKGrissom,Handy Hearts: Your favorite next read is almost here,"Your favorite next read is almost here. Small town. Slow burn. Southern warm. Handy Hearts, from D.K. Grissom. Coming soon.",0.0,4.0,"Vertical shot: a wildflower meadow at dusk with fireflies rising, warm amber glow on the horizon, distant lights of a small town. No text, no books, no author names.",4.0,8.0,"Vertical wide shot of an old wooden Southern porch in disrepair, weathered peeling paint, a broken step board and sagging railing, wildflowers growing around the base, warm golden hour light. No text, no books, no author names.",8.0,12.0,"Vertical shot: a wooden rocking chair on a covered Southern porch at sunset, two mismatched coffee mugs on a small table, wildflowers in a mason jar. No text, no books, no author names.",12.0,17.5,"Vertical hero shot: an empty rustic wooden table surface in warm golden light, with a steaming mug of coffee to one side and dried wildflowers to the other. Leave the center of the table completely empty. No books, no text, no covers, no author names anywhere in the frame.",queued,
HH-D25-EVE,2026-10-17,evening,countdown,Cedar Hollow is close.,Cedar Hollow is close.,#ComingSoon #BookTok #NewRelease #CedarHollow #HandyHearts #DKGrissom,Handy Hearts: Cedar Hollow is close,"Cedar Hollow is close. Handy Hearts, Book One, is almost here. From D.K. Grissom. Coming soon to Kindle and paperback.",0.0,4.0,"Vertical shot: Cedar Hollow small Southern town at golden hour, wildflowers by a country road, wooden storefronts and covered porches, warm painterly light. No text, no books, no author names.",4.0,8.0,"Vertical shot: an old red pickup truck driving down a country dirt road past wildflower fields at golden hour, Cedar Hollow town sign in the distance. No text, no books, no author names.",8.0,12.0,"Vertical shot: a small white Southern church steeple against a burning orange sunset, wildflowers in the foreground, warm painterly light. No text, no books, no author names.",12.0,17.5,"Vertical hero shot: an empty rustic wooden table surface in warm golden light, with a steaming mug of coffee to one side and dried wildflowers to the other. Leave the center of the table completely empty. No books, no text, no covers, no author names anywhere in the frame.",queued,
HH-D26-MOR,2026-10-18,morning,vibe,The porch is broken. The story starts here.,The porch is broken. The story starts here.,#BookTok #SmallTownRomance #CedarHollow #HandyHearts #DKGrissom,Handy Hearts: The porch is broken. The story starts here,The porch is broken. The town is waiting. The story starts here. Handy Hearts. Book One of Cedar Hollow. Coming soon from D.K. Grissom.,0.0,4.0,"Vertical shot: Cedar Hollow small Southern town at golden hour, wildflowers by a country road, wooden storefronts and covered porches, warm painterly light. No text, no books, no author names.",4.0,8.0,"Vertical wide shot of an old wooden Southern porch in disrepair, weathered peeling paint, a broken step board and sagging railing, wildflowers growing around the base, warm golden hour light. No text, no books, no author names.",8.0,12.0,"Vertical shot: a wildflower meadow at dusk with fireflies rising, warm amber glow on the horizon, distant lights of a small town. No text, no books, no author names.",12.0,17.5,"Vertical hero shot: an empty rustic wooden table surface in warm golden light, with a steaming mug of coffee to one side and dried wildflowers to the other. Leave the center of the table completely empty. No books, no text, no covers, no author names anywhere in the frame.",queued,
HH-D26-EVE,2026-10-18,evening,pov,He needed to be seen. She saw him.,He needed to be seen. She saw him.,#BookTok #Romance #CedarHollow #HandyHearts #DKGrissom #BookLovers,Handy Hearts: He needed to be seen. She saw him,He needed to be seen. Not fixed. Not saved. Just seen. She saw him. Handy Hearts. Coming soon from D.K. Grissom.,0.0,4.0,"Vertical shot: Cedar Hollow small Southern town at golden hour, wildflowers by a country road, wooden storefronts and covered porches, warm painterly light. No text, no books, no author names.",4.0,8.0,"Vertical close-up: weathered blue-collar carpenter hands working with a hammer on wood on a covered porch, warm evening light, sawdust in the air. No text, no books, no author names.",8.0,12.0,"Vertical warm interior shot: small-town library with tall wooden shelves, soft afternoon light streaming through arched windows, a single reading chair by a window, wildflowers on a table. No text, no books visible on shelves, no author names.",12.0,17.5,"Vertical hero shot: an empty rustic wooden table surface in warm golden light, with a steaming mug of coffee to one side and dried wildflowers to the other. Leave the center of the table completely empty. No books, no text, no covers, no author names anywhere in the frame.",queued,
HH-D27-MOR,2026-10-19,morning,trope,Second chance done Southern.,Second chance done Southern.,#BookTok #SlowBurn #GrumpySunshine #CedarHollow #HandyHearts #DKGrissom,Handy Hearts: Second chance done Southern,"Second chance romance done Southern. Warm, slow, and worth the wait. Handy Hearts. Coming soon from D.K. Grissom.",0.0,4.0,"Vertical shot: Cedar Hollow small Southern town at golden hour, wildflowers by a country road, wooden storefronts and covered porches, warm painterly light. No text, no books, no author names.",4.0,8.0,"Vertical close-up: a leather tool belt, hammer, and coiled measuring tape resting on weathered wooden porch boards, golden hour light. No text, no books, no author names.",8.0,12.0,"Vertical shot: a wooden rocking chair on a covered Southern porch at sunset, two mismatched coffee mugs on a small table, wildflowers in a mason jar. No text, no books, no author names.",12.0,17.5,"Vertical hero shot: an empty rustic wooden table surface in warm golden light, with a steaming mug of coffee to one side and dried wildflowers to the other. Leave the center of the table completely empty. No books, no text, no covers, no author names anywhere in the frame.",queued,
HH-D27-EVE,2026-10-19,evening,beat,You can rebuild anything on a porch.,You can rebuild anything on a porch.,#BookTok #Romance #HealingLove #CedarHollow #HandyHearts #DKGrissom,Handy Hearts: You can rebuild anything on a porch,"You can rebuild anything on a porch, if you have coffee and someone who stays. Handy Hearts. Coming soon from D.K. Grissom.",0.0,4.0,"Vertical shot: a wildflower meadow at dusk with fireflies rising, warm amber glow on the horizon, distant lights of a small town. No text, no books, no author names.",4.0,8.0,"Vertical wide shot of an old wooden Southern porch in disrepair, weathered peeling paint, a broken step board and sagging railing, wildflowers growing around the base, warm golden hour light. No text, no books, no author names.",8.0,12.0,"Vertical shot: a wooden rocking chair on a covered Southern porch at sunset, two mismatched coffee mugs on a small table, wildflowers in a mason jar. No text, no books, no author names.",12.0,17.5,"Vertical hero shot: an empty rustic wooden table surface in warm golden light, with a steaming mug of coffee to one side and dried wildflowers to the other. Leave the center of the table completely empty. No books, no text, no covers, no author names anywhere in the frame.",queued,
HH-D28-MOR,2026-10-20,morning,pov,The town knew before he did.,The town knew before he did.,#BookTok #Romance #CedarHollow #HandyHearts #DKGrissom #BookLovers,Handy Hearts: The town knew before he did,"The town knew before he did. In Cedar Hollow, they always do. Handy Hearts. Coming soon from D.K. Grissom.",0.0,4.0,"Vertical shot: Cedar Hollow small Southern town at golden hour, wildflowers by a country road, wooden storefronts and covered porches, warm painterly light. No text, no books, no author names.",4.0,8.0,"Vertical close-up: weathered blue-collar carpenter hands working with a hammer on wood on a covered porch, warm evening light, sawdust in the air. No text, no books, no author names.",8.0,12.0,"Vertical warm interior shot: small-town library with tall wooden shelves, soft afternoon light streaming through arched windows, a single reading chair by a window, wildflowers on a table. No text, no books visible on shelves, no author names.",12.0,17.5,"Vertical hero shot: an empty rustic wooden table surface in warm golden light, with a steaming mug of coffee to one side and dried wildflowers to the other. Leave the center of the table completely empty. No books, no text, no covers, no author names anywhere in the frame.",queued,
HH-D28-EVE,2026-10-20,evening,vibe,One porch. One town. One love story.,One porch. One town. One love story.,#BookTok #SmallTownRomance #CedarHollow #HandyHearts #DKGrissom,Handy Hearts: One porch. One town. One love story,One porch. One town. One quiet love story that's been three years in the making. Handy Hearts. Coming soon from D.K. Grissom.,0.0,4.0,"Vertical shot: Cedar Hollow small Southern town at golden hour, wildflowers by a country road, wooden storefronts and covered porches, warm painterly light. No text, no books, no author names.",4.0,8.0,"Vertical wide shot of an old wooden Southern porch in disrepair, weathered peeling paint, a broken step board and sagging railing, wildflowers growing around the base, warm golden hour light. No text, no books, no author names.",8.0,12.0,"Vertical shot: a wildflower meadow at dusk with fireflies rising, warm amber glow on the horizon, distant lights of a small town. No text, no books, no author names.",12.0,17.5,"Vertical hero shot: an empty rustic wooden table surface in warm golden light, with a steaming mug of coffee to one side and dried wildflowers to the other. Leave the center of the table completely empty. No books, no text, no covers, no author names anywhere in the frame.",queued,
HH-D29-MOR,2026-10-21,morning,pov,"Dana's grandmother grew wildflowers, too.","Dana's grandmother grew wildflowers, too.",#BookTok #Romance #CedarHollow #HandyHearts #DKGrissom #BookLovers,"Handy Hearts: Dana's grandmother grew wildflowers, too","Dana's grandmother grew wildflowers, just like Don's late wife. Dana didn't know that yet. But she would. Handy Hearts. Coming soon from D.K. Grissom.",0.0,4.0,"Vertical shot: Cedar Hollow small Southern town at golden hour, wildflowers by a country road, wooden storefronts and covered porches, warm painterly light. No text, no books, no author names.",4.0,8.0,"Vertical close-up: weathered blue-collar carpenter hands working with a hammer on wood on a covered porch, warm evening light, sawdust in the air. No text, no books, no author names.",8.0,12.0,"Vertical warm interior shot: small-town library with tall wooden shelves, soft afternoon light streaming through arched windows, a single reading chair by a window, wildflowers on a table. No text, no books visible on shelves, no author names.",12.0,17.5,"Vertical hero shot: an empty rustic wooden table surface in warm golden light, with a steaming mug of coffee to one side and dried wildflowers to the other. Leave the center of the table completely empty. No books, no text, no covers, no author names anywhere in the frame.",queued,
HH-D29-EVE,2026-10-21,evening,trope,A Cedar Hollow romance.,A Cedar Hollow romance.,#BookTok #SlowBurn #GrumpySunshine #CedarHollow #HandyHearts #DKGrissom,Handy Hearts: A Cedar Hollow romance,"A Cedar Hollow romance. Slow-burn. Small-town. Big-hearted. Handy Hearts, from D.K. Grissom. Coming soon.",0.0,4.0,"Vertical shot: Cedar Hollow small Southern town at golden hour, wildflowers by a country road, wooden storefronts and covered porches, warm painterly light. No text, no books, no author names.",4.0,8.0,"Vertical close-up: a leather tool belt, hammer, and coiled measuring tape resting on weathered wooden porch boards, golden hour light. No text, no books, no author names.",8.0,12.0,"Vertical shot: a wooden rocking chair on a covered Southern porch at sunset, two mismatched coffee mugs on a small table, wildflowers in a mason jar. No text, no books, no author names.",12.0,17.5,"Vertical hero shot: an empty rustic wooden table surface in warm golden light, with a steaming mug of coffee to one side and dried wildflowers to the other. Leave the center of the table completely empty. No books, no text, no covers, no author names anywhere in the frame.",queued,
HH-D30-MOR,2026-10-22,morning,beat,Not every love story starts loud.,Not every love story starts loud.,#BookTok #Romance #HealingLove #CedarHollow #HandyHearts #DKGrissom,Handy Hearts: Not every love story starts loud,"Not every love story starts loud. Some start on a Saturday morning porch, with a hammer and a hello. Handy Hearts. Coming soon from D.K. Grissom.",0.0,4.0,"Vertical shot: a wildflower meadow at dusk with fireflies rising, warm amber glow on the horizon, distant lights of a small town. No text, no books, no author names.",4.0,8.0,"Vertical wide shot of an old wooden Southern porch in disrepair, weathered peeling paint, a broken step board and sagging railing, wildflowers growing around the base, warm golden hour light. No text, no books, no author names.",8.0,12.0,"Vertical shot: a wooden rocking chair on a covered Southern porch at sunset, two mismatched coffee mugs on a small table, wildflowers in a mason jar. No text, no books, no author names.",12.0,17.5,"Vertical hero shot: an empty rustic wooden table surface in warm golden light, with a steaming mug of coffee to one side and dried wildflowers to the other. Leave the center of the table completely empty. No books, no text, no covers, no author names anywhere in the frame.",queued,
HH-D30-EVE,2026-10-22,evening,countdown,It's almost here.,It's almost here.,#ComingSoon #BookTok #NewRelease #CedarHollow #HandyHearts #DKGrissom,Handy Hearts: It's almost here,"It's almost here. Handy Hearts. Book One in the Cedar Hollow romance series, from D.K. Grissom. Add it to your list. Coming soon.",0.0,4.0,"Vertical shot: Cedar Hollow small Southern town at golden hour, wildflowers by a country road, wooden storefronts and covered porches, warm painterly light. No text, no books, no author names.",4.0,8.0,"Vertical shot: an old red pickup truck driving down a country dirt road past wildflower fields at golden hour, Cedar Hollow town sign in the distance. No text, no books, no author names.",8.0,12.0,"Vertical shot: a small white Southern church steeple against a burning orange sunset, wildflowers in the foreground, warm painterly light. No text, no books, no author names.",12.0,17.5,"Vertical hero shot: an empty rustic wooden table surface in warm golden light, with a steaming mug of coffee to one side and dried wildflowers to the other. Leave the center of the table completely empty. No books, no text, no covers, no author names anywhere in the frame.",queued,
